,pollution_index,traffic_time_index,groceries_index,name,hotel_price_index,cpi_index,quality_of_life_index,restaurant_price_index,property_price_to_income_ratio,health_care_index,safety_index,crime_index,cpi_and_rent_index,rent_index,traffic_inefficiency_index,purchasing_power_incl_rent_index,traffic_co2_index,traffic_index,error
10BDNH3B5G,,,,"Ceglie Messapica, Italy",,,,,,,0.0,100.0,,,,,,,
10KXSW3B8X,15.5172413793,40.0,73.2367010755,"Palm Coast, FL, United States",55.866001334,,,65.5592666877,3.02083937501,69.4444444444,75.78125,24.21875,,23.0271128039,207.968984874,,10640.0,197.743542973,
10RZHR3BBK,27.5862068966,,,"Monroe, MI, United States",,,,48.5943515409,,,,,,,,,,,
10SRT73BCF,,,,"Simi Valley, CA, United States",,,,66.5559734142,,,43.75,56.25,,48.3211434486,,,,,
10T9D23BCQ,46.408045977,34.75,70.6219789279,"Austin, TX, United States",60.7562043476,72.9394857477,183.092569006,69.0082254666,5.26188263429,75.9645061728,58.0099587912,41.9900412088,61.8166627031,49.823912496,169.323930453,144.249746057,8091.0,160.575513406,
10W3BG3BEA,22.4137931034,14.0,,"Lubbock, TX, United States",57.9897143771,,,62.4999126202,2.79112435974,91.6666666667,35.15625,64.84375,,24.0651225521,36.1201467605,,3724.0,84.7762464866,
10XF9Z3BFA,55.0574712644,55.0,58.2412551177,"Treviso, Italy",,69.6694992436,173.726527567,78.9808290869,7.51209574739,95.8333333333,68.2291666667,31.7708333333,44.3225335467,16.9931562031,257.722202122,117.914978898,14630.0,294.047226973,
11293R3BJ3,90.6434302109,45.7777777778,57.0860842782,"Beijing, China",26.5284003586,53.725095647,78.054771868,35.5809569533,35.1380582877,50.462962963,59.2444441383,40.7555558617,48.4243855556,42.7091016037,200.126858646,81.9015263131,7418.88888889,208.200384057,
113HJ73BK2,,,,"Sydney, NS, Canada",,,,71.3582843791,5.38195520835,,49.21875,50.78125,,20.5662969928,,,,,
113TF03BK8,,,,"Mount Pleasant, PA, United States",,,,,,,,,,,,,,,
11C60H3BPD,,0.0,74.9572369281,"Orange, NSW, Australia",,,,77.0808009453,,,,,,15.9681776457,0.0,,0.0,0.0,
11ZA0M3BX3,,,,"Jinhae, South Korea",,,,,,,,,,,,,,,
1203AP3BX8,58.6206896552,,,"Diadema, Brazil",,,,,,,28.125,71.875,,,,,,,
123EGE3BYN,,,,"Somerset West, South Africa",,,,36.1430023529,1.82370820669,,42.1875,57.8125,,15.1170100541,,,,,
12H7RX3C3X,,,,,,,,,,,,,,,,,,,Couldn't resolve city in your request.
12HQHF3C3Y,41.6475095785,53.0,,"Kelowna, Canada",51.0811566388,,,62.5122742632,4.67582633283,65.5423280423,54.6801363089,45.3198636911,,28.563612111,305.907229769,,3973.33333333,226.470008857,
12PBBP3C63,,,,,,,,,,,,,,,,,,,Couldn't resolve city in your request.
12RRGN3C6Z,27.5862068966,,,"Valdosta, GA, United States",,,,70.6982499931,,,,,,20.4022605672,,,,,
12RTM43C70,,,,"Westminster, United Kingdom",,,,,,,,,,,,,,,
12V8VE3C7P,,,,"Murfreesboro, TN, United States",,,,57.9539894116,,63.8888888889,75.78125,24.21875,,19.7758753744,,,,,
12XQGX3C8E,71.4704029104,39.1538461538,76.9596158374,"Los Angeles, CA, United States",67.9199768233,77.2225453194,157.372153029,77.7415264185,8.63929592391,66.1408730159,44.4352425749,55.5647574251,69.7571817895,61.7079446793,185.404508446,129.812796257,7156.92307692,174.559633372,
12ZD343C93,77.7330428192,64.7272727273,41.0033076161,"Nairobi, Kenya",40.567162694,45.1802562283,88.4125663783,33.6693376403,18.502729714,62.9298941799,33.8595094968,66.1404905032,31.9299102866,17.6432414797,251.895427026,28.2244441597,6694.18181818,311.70227984,
130JXT3C9V,,,,"South Hadley, MA, United States",,,,42.7813175528,,,,,,,,,,,
131HQH3CA4,77.5383141762,23.5,,"Suzhou, China",22.5145005075,,,31.0716706636,10.6481481481,,75.78125,24.21875,,13.1665930933,28.5505028804,,740.0,60.8938879354,
133C4K3CB5,,,,"Congers, NY, United States",,,,,,,,,,,,,,,
133XFK3CBE,,,,"North Bend, WA, United States",,,,,,,,,,,,,,,
137Q203CCT,54.4409613375,43.4545454545,73.0291384296,"Tel Aviv-yafo, Israel",63.0752248073,82.5922485539,149.458168309,89.0462109847,18.4939635817,76.4132553606,68.5669775928,31.4330224072,61.7134956283,39.201794465,191.981867924,92.7556285931,4346.36363636,176.227939872,
137YPF3CCZ,64.9425287356,,,"Pak Kret, Thailand",,,,,,,,,,7.92772803256,,,,,
13P46J3CK7,,,,"Huntington Woods, MI, United States",,,,59.0447497217,,,84.375,15.625,,37.2251771753,,,,,
13WFCC3CPE,,,,"Westonaria, South Africa",,,,,,,,,,,,,,,
1422D63CRA,38.0459770115,,,"Springfield, IL, United States",,,,88.0210912776,,50.0,61.1979166667,38.8020833333,,24.7869569172,,,,,
143Z5K3CSA,27.5862068966,31.5,,"Saguenay, Canada",49.0193668016,,,63.452638785,2.80429584836,76.3888888889,86.9791666667,13.0208333333,,11.8009232526,167.095340446,,8379.0,149.876692647,
144SZY3CSJ,,,,,,,,,,,,,,,,,,,Couldn't resolve city in your request.
145T7R3CSX,72.4137931034,25.0,97.0240704116,"Scottsdale, AZ, United States",,,,83.4647176707,2.50556625514,66.6666666667,77.0833333333,22.9166666667,,33.6482194454,82.0985575355,,6650.0,120.608357585,
14EFRH3CXF,,,,"Langenthal, Switzerland",,,,,,,,,,,,,,,
14EYTR3CY6,,,,"Windsor, CT, United States",,,,57.8690799263,,,,,,,,,,,
14M26F3D03,106.896551724,,23.9402209975,"Imphal, India",,21.6079435366,,13.8567395893,11.7730270183,,,,12.2596573646,2.18023234124,,43.9911505165,,,
15NFYZ3DD0,23.8245774132,36.3235294118,71.3733670271,"Melbourne, Australia",52.5192291653,74.8121806936,210.819583757,68.678428898,8.79004720052,77.8093434343,63.9296465552,36.0703534448,59.0886159196,42.1352953512,142.683471106,152.384642821,4291.17647059,141.509735276,
15Z6CD3DJ1,,,,"Harrow, United Kingdom",,,,,,,,,,,,,,,
1611GY3DJH,16.849073847,22.1111111111,42.6286202909,"Tallinn, Estonia",33.7910196384,52.2542023992,172.480815169,46.16670877,11.0859863806,64.6672771673,73.7863166023,26.2136833977,34.4721841824,15.2994164598,16.0063612908,78.3993407169,758.888888889,58.3620895352,
16TVSY3DW0,,,,"Crnomelj, Slovenia",,,,,,,,,,,,,,,
16YNC33DX2,,,,"Rotherham, United Kingdom",,,,,,100.0,,,,,,,,,
175M2J3E17,,,,"Trosterud, Norway",,,,,,,,,,,,,,,
179WY43E36,27.5862068966,0.0,35.4516428648,"Benoni, South Africa",31.2935822365,46.1557786625,207.861390579,47.8450097514,3.98148148148,91.6666666667,39.375,60.625,29.4566733824,11.4515143052,0.0,96.2890026536,0.0,0.0,
17MP4J3E81,46.408045977,34.75,70.6219789279,"Austin, TX, United States",60.7562043476,72.9394857477,183.092569006,69.0082254666,5.26188263429,75.9645061728,58.0099587912,41.9900412088,61.8166627031,49.823912496,169.323930453,144.249746057,8091.0,160.575513406,
17TF5F3EAF,51.9540229885,,23.7059665529,"Galati, Romania",33.6025917312,,,25.9252734926,,,65.625,34.375,,5.52581082078,,,,,
17VWBX3EAZ,29.8850574713,25.25,80.0393787858,"Saint Louis, MO, United States",55.4596150132,73.9274147228,187.859784861,63.3395912282,4.31310608312,83.3333333333,28.4921143574,71.5078856426,51.4935700899,27.3051519349,51.1882496156,143.844756106,3516.5,96.73191558,
184F143EHB,57.9501915709,17.0,,"Bordeaux, France",53.0350953248,,,74.1207546954,10.1723325238,81.9444444444,56.3606770833,43.6393229167,,22.8493316684,0.0,,0.0,21.1231056256,
186HPR3EJ0,61.3780394982,42.0230769231,100.0,"New York, NY, United States",100.0,100.0,120.375906799,100.0,22.5753864644,55.3386939571,48.7703096263,51.2296903737,100.0,100.0,168.678748014,100.0,1967.32307692,146.923565764,
18J1FN3ETH,76.2643678161,,30.2518388547,"Vellore, India",,,,16.7732758037,3.04977461807,63.8888888889,34.5052083333,65.4947916667,,2.60192337021,,,,,
18TFGM41GTH,36.9020398915,35.3333333333,56.4580205552,"Berlin, Germany",48.6431593997,66.0439747239,180.498563638,55.5537339678,8.63833354006,76.4437856829,64.3012530043,35.6987469957,46.5875540772,25.6094272288,150.40005666,126.669811526,1311.66666667,108.447365217,
18TFGM41GTJ,36.9020398915,35.3333333333,56.4580205552,"Berlin, Germany",48.6431593997,66.0439747239,180.498563638,55.5537339678,8.63833354006,76.4437856829,64.3012530043,35.6987469957,46.5875540772,25.6094272288,150.40005666,126.669811526,1311.66666667,108.447365217,
18TFGM41GXP,110.344827586,,,"Malta, Malta",,,,67.1558370619,6.67938931298,66.6666666667,81.25,18.75,,20.3301808352,,,,,
18TFGM41GXV,37.5287356322,24.4,59.7417502218,"Stuttgart, Germany",51.0877969042,69.3722179307,,60.5316078603,6.9885193133,77.7314814815,76.8273133117,23.1726866883,49.0542263277,27.1471441933,11.9073675805,168.570228895,244.0,48.4108403402,
18TVRH3EXW,,,,"Swords, Ireland",,,,,,,,,,,,,,,
18W40S3EZF,22.4137931034,14.0,,"Lubbock, TX, United States",57.9897143771,,,62.4999126202,2.79112435974,91.6666666667,35.15625,64.84375,,24.0651225521,36.1201467605,,3724.0,84.7762464866,
18W84X3EZG,,45.0,,"Massapequa, NY, United States",,,,79.5327553552,,,,,,57.2695033465,181.693324295,,11970.0,226.921270487,
18XG1J3F09,62.0689655172,,,"Swindon, United Kingdom",60.2619183842,,,99.0594101975,3.7443385601,75.0,75.0,25.0,,30.1681599032,,,,,
18YS9R3F1N,44.2063894523,35.125,123.449042156,"San Francisco, CA, United States",78.5866477259,104.483637599,161.720242832,91.2410446942,14.2315677895,68.287037037,51.9502166239,48.0497833761,113.152899003,122.500192049,160.497022048,105.067916049,3675.0,132.411632206,
18YZ5Z3F1R,,,,"Torrance, CA, United States",,,,,,,,,,,,,,,
18ZPXD3F28,20.4022988506,25.0,68.1751174831,"Christchurch, New Zealand",59.3133002618,73.8737690576,203.003523378,79.4063421212,6.5703016736,91.6666666667,58.7005414196,41.2994585804,53.827205767,32.2127806258,41.8801408598,98.9491847189,2295.0,84.3776450261,
198HC43FA8,13.591954023,28.4,61.922146506,"Mississauga, Canada",51.1770473101,69.1443251113,181.046357826,61.8838007819,8.10409004369,63.8888888889,64.2435888624,35.7564111376,51.0369561903,31.5133917583,82.5180613323,105.70451994,4276.4,110.377639939,
198Z483FAC,,,,"Itajai, Brazil",,,,26.9136616899,15.0,,56.25,43.75,,13.7145069896,,,,,
19DV603FE2,50.0,57.5,63.8214843045,"Mesa, AZ, United States",,,,63.8937344776,1.86173298522,,25.0,75.0,,24.1009159917,336.173526107,,15295.0,313.226251684,
19E0P23FEC,33.6206896552,,,"Solingen, Germany",,,,,,22.2222222222,15.625,84.375,,,,,,,
19EQ9G3FF1,59.3390804598,36.1818181818,78.5854306217,"Atlanta, GA, United States",54.2010236811,76.6884746784,166.096066245,69.2587076437,3.23421789588,71.2121212121,35.8444383928,64.1555616072,58.6627352606,39.2271846572,148.941585888,140.204197634,5679.27272727,151.030183016,
19FC383FFC,,76.6666666667,43.9293338971,"Tangerang, Indonesia",14.4935700451,,,19.0535807766,13.5714285714,,61.5885416667,38.4114583333,,13.8942793599,476.298364163,,20393.3333333,454.532315062,
19JGM63FJA,,,,,,,,,,,,,,,,,,,Couldn't resolve city in your request.
19K3JR3FJS,24.7126436782,,,"Laval, Canada",,,,60.3247956712,4.64906832298,,79.6875,20.3125,,23.4940755166,,,,,
19MENC3FMA,,,,"Dibrugarh, India",,,,15.756564796,,,,,,,,,,,
19PSSE3FNX,,40.0,24.9250579787,"Buzau, Romania",,30.4538700161,,18.6936110598,12.5396825397,19.4444444444,,,17.951774496,4.47187752777,33.5395730221,52.624293966,1330.0,122.43253859,
19S4X73FQ0,32.7586206897,5.0,,"Prilep, Macedonia",22.644717318,,,20.5949035838,12.8363486643,26.3888888889,62.1875,37.8125,,3.68811844922,6.58088599102,,1064.0,42.4204045976,
19V69R3FRP,20.9195402299,20.5,72.2792822262,"Oklahoma City, OK, United States",50.4762945992,66.5538656191,204.488147673,58.8336190209,2.26609727079,56.9444444444,55.0,45.0,46.5652720125,25.0133504226,78.1156633277,138.638210115,5453.0,107.710430226,
1A2TDT3FY5,33.4154351396,30.75,36.7535290965,"Constanta, Romania",23.0182599349,39.8085977479,,31.857170435,12.6895734597,42.5925925926,61.2508585165,38.7491414835,23.8108490462,6.56190034967,133.730187822,45.5589694933,1454.0,92.5654518758,
1A46173FZ8,19.3965517241,35.0,67.3164522406,"Tucson, AZ, United States",50.8847771295,63.9961751118,,59.7026893738,2.49107641072,66.4351851852,46.09375,53.90625,44.4327316919,23.3392117119,188.093823497,190.216713034,2980.5,126.925106003,
1A4APE3FZA,16.849073847,22.1111111111,42.6286202909,"Tallinn, Estonia",33.7910196384,52.2542023992,172.480815169,46.16670877,11.0859863806,64.6672771673,73.7863166023,26.2136833977,34.4721841824,15.2994164598,16.0063612908,78.3993407169,758.888888889,58.3620895352,
1A6H3N3G1T,33.3804577212,20.0769230769,44.1733019813,"Ljubljana, Slovenia",37.7157168854,53.6815689826,169.964992578,44.5381674743,10.5419052163,55.9398331137,71.3293818811,28.6706181189,35.7800258486,16.4783850451,46.6449752219,93.554466843,2841.38461538,84.6920034319,
1A74R23G29,,,,"Burgundy, France",,,,,,,,,,,,,,,
1AA4793G3Z,30.7108973252,36.7894736842,82.5672020721,"Perth, Australia",62.5970374995,85.3653959451,190.2473643,92.6714030374,7.85047759001,69.8766192301,52.8714319921,47.1285680079,64.3451257225,41.6808390523,136.224993807,134.82436249,5071.15789474,148.905694714,
1AGSRD3G84,,,,"Waco, TX, United States",51.0325256379,,,49.541418876,,,,,,23.2657357345,,,,,
1AY0J93GHW,44.2063894523,35.125,123.449042156,"San Francisco, CA, United States",78.5866477259,104.483637599,161.720242832,91.2410446942,14.2315677895,68.287037037,51.9502166239,48.0497833761,113.152899003,122.500192049,160.497022048,105.067916049,3675.0,132.411632206,
1B8SCT3GRP,0.0,,,"South Yarra, Australia",,,,,,,,,,,,,,,
1BA53S3GSK,,,,"O'Fallon, IL, United States",,,,66.2947134596,,,40.625,59.375,,20.4022605672,,,,,
1BCGFY3GW6,9.48275862069,26.0,39.1221772191,"Varazdin, Croatia",43.8321165938,44.6030805786,176.0757255,32.0913249298,10.5235294118,55.5555555556,64.6875,35.3125,27.2229140883,8.48342731957,84.66145453,65.4899616013,6650.0,121.944850507,
1BKEM53H22,,,,"Calauan, Philippines",,,,,,,,,,,,,,,
1BQJNP3H3G,,,,"Pori, Finland",,,,87.0257583018,,,85.9375,14.0625,,,,,,,
1BT04S3H4F,,,,,,,,,,,,,,,,,,,Couldn't resolve city in your request.
1BTAGJ3H4R,52.1769418321,38.8571428571,68.0871592946,"Salt Lake City, UT, United States",54.4243439478,68.4475226701,204.320078854,63.6260736542,2.57032032659,69.4444444444,71.6461074561,28.3538925439,51.5471549277,33.3249924488,213.23849464,197.24946813,5541.42857143,164.06205191,
1BVTC53H58,,,128.020483625,"West Hollywood, CA, United States",66.1113334697,105.872732413,,87.9466321905,,,70.3125,29.6875,96.0058907195,85.3673534259,,120.733279799,,,
1BWQZ93H64,,,,,,,,,,,,,,,,,,,Couldn't resolve city in your request.
1BZYCK3H8W,47.7011494253,33.0,,"Cordoba, Argentina",,,,58.5648601258,4.74850510025,74.537037037,37.8645833333,62.1354166667,,10.9790410374,101.857263379,,6149.33333333,139.342827166,
1C382P3HBK,,,,"Iligan, Philippines",,,,,,,,,,,,,,,
1CAHHX3HJH,,,,"Lewisham, United Kingdom",,,,110.252882089,,,,,,,,,,,
1CF2NR3HMS,113.218390805,60.0,49.6031987103,"Abidjan, Ivory Coast",49.3888529807,66.6093984312,,58.4538430612,,6.94444444444,45.8333333333,54.1666666667,42.883543394,17.3020654032,379.262309564,34.0835759236,15960.0,331.53550311,
1CJMP53HR6,68.8505747126,49.4,40.4380375913,"Surabaya, Indonesia",14.757616193,36.5395594667,82.8039159252,22.017537311,18.3074375955,84.0277777778,63.3463541667,36.6536458333,26.0870707419,14.817082375,263.721907003,32.9116622412,1278.8,178.573104554,
1CMBP73HS5,33.6206896552,,,"York, PA, United States",,,,59.9369524664,,,37.109375,62.890625,,22.614295134,,,,,
1CRS2M3HV7,,,,,,,,,,,,,,,,,,,Couldn't resolve city in your request.
1CV7TB3HWM,78.8793103448,,,"Zabrze, Poland",,,,,,,39.0625,60.9375,,,,,,,
1CW4M43HWX,44.2063894523,35.125,123.449042156,"San Francisco, CA, United States",78.5866477259,104.483637599,161.720242832,91.2410446942,14.2315677895,68.287037037,51.9502166239,48.0497833761,113.152899003,122.500192049,160.497022048,105.067916049,3675.0,132.411632206,
1D2M8Z3J28,34.3185550082,35.8333333333,76.0369241962,"Quebec City, Canada",45.7061666115,70.9946815334,187.060240923,60.9870981326,5.19841156756,81.8121693122,74.9790348651,25.0209651349,45.7416239677,18.5134994046,149.595305942,135.081925062,4833.33333333,143.770895493,
1D6BN93J54,27.5862068966,,,"West Hartford, CT, United States",,,,63.2105396965,,,,,,55.8377657629,,,,,
1DH7C73JBM,45.4022988506,,,"Schiedam, Netherlands",,,,,,,,,,,,,,,
1DMJ8X3JDN,,,,"New Milford, CT, United States",,,,83.0127379494,,,,,,,,,,,
1DRTZY3JH5,,76.6666666667,43.9293338971,"Tangerang, Indonesia",14.4935700451,,,19.0535807766,13.5714285714,,61.5885416667,38.4114583333,,13.8942793599,476.298364163,,20393.3333333,454.532315062,
1DSWR63JHQ,0.0,,,"Vaughan, Canada",,,,63.122253596,7.7200177169,88.8888888889,87.5,12.5,,36.9385063456,,,,,
1E128H3JR6,15.4789272031,19.7142857143,94.4291693526,"Reykjavik, Iceland",74.5163870501,97.0543568161,,95.3360864129,5.7972922214,75.5868606702,73.9561542967,26.0438457033,68.616629254,37.9547584554,72.1629994168,95.6637141929,3922.0,95.2751169582,
1E2HWF3JSD,,,,"Andover, MA, United States",,,,81.2518458559,,,,,,,,,,,
1EE23K3K08,46.2068965517,8.0,,"Windhoek, Namibia",41.2975522166,,,38.225473963,8.88193620518,61.6666666667,35.5810776633,64.4189223367,,20.7157844451,16.8821031913,,2128.0,61.0674611667,
1EVN143K64,57.183908046,50.0,42.0782127067,"Bekasi, Indonesia",16.1704532987,39.5093158198,114.14110742,21.46477854,10.3142796878,87.5,64.84375,35.15625,25.4868066984,10.3675830539,214.980884361,50.8498154696,13300.0,259.73432368,
1EVQE23K69,,,,"Davis, CA, United States",,,,89.0243295029,,,,,,,,,,,
1F98K93KD4,101.724137931,90.0,,"Vereeniging, South Africa",,,,,,,2.34375,97.65625,,,381.663835177,,15960.0,527.098543707,
1FEG7B3KJT,52.9283380019,34.7083333333,34.7732585211,"Budapest, Hungary",27.6108318222,43.1280477153,137.137296825,32.8225183613,9.91984180392,51.7798957315,58.523403955,41.476596045,28.2107023037,12.1266563238,105.337211868,62.1149175497,2154.41666667,114.125729458,
1FF4G93KKD,35.0574712644,125.0,62.9489637939,"Langley, BC, Canada",42.5042831147,61.5469625694,,55.5145446456,4.54682422775,52.7777777778,39.84375,60.15625,45.025643092,27.2121746236,648.337809409,144.395310864,3724.0,734.341913053,
1FGWHP3KM7,38.3620689655,,106.9585793,"Lancaster, PA, United States",,,,83.6593563369,12.14169095,,56.25,43.75,,25.7593453594,,,,,
1FH8PB3KMN,87.6436781609,60.0,,"Doncaster, United Kingdom",,,,83.7508455566,,29.1666666667,25.0,75.0,,22.5495972107,326.25459542,,3990.0,266.95691726,
1FW9A93KZ1,,,79.4608099925,"Burnley, United Kingdom",67.9331283031,87.3143431265,,93.6991993636,2.27631578947,63.8888888889,,,55.4670790929,21.1290085507,,154.8634313,,,
1G44JY3M3C,50.7183908046,45.0,73.5256348143,"Fort Myers, FL, United States",56.405419286,67.4107092107,,61.1204600604,,69.4444444444,45.0,55.0,48.9475702544,29.0404106553,229.880495435,129.535216043,11970.0,228.603714301,
1GB1TP3M7Q,43.1034482759,,,"Marilia, Brazil",,,,20.5922417949,,,,,,6.64370580811,,,,,
1GB4D03M7S,17.5287356322,23.75,72.4076048897,"Sheffield, United Kingdom",,,,72.5537091055,5.19480519481,79.6296296296,69.1666666667,30.8333333333,,26.6113119395,27.8393679576,,1307.5,70.0590691251,
1GDXH03M9Z,5.1724137931,,64.4537847543,"Yucca Valley, CA, United States",51.050672525,,,48.0391741375,2.35460540366,,0.0,100.0,,25.0554077141,,,,,
1GEPH13MA9,,,,"Cirebon, Indonesia",,,,12.9009612712,,,,,,,,,,,
1GG8PX3MBC,20.4022988506,33.3333333333,43.2732321507,"Bremen, Germany",52.4427849404,58.1797835213,213.189018029,63.5737106262,6.32183908046,72.2222222222,65.1041666667,34.8958333333,40.0456278523,20.4931816537,78.6838841661,173.47945521,2231.0,108.193148714,
1GJFSM3MDM,,,,"Worms, Germany",,,,,,,3.125,96.875,,,,,,,
1GJTVN3MER,33.6206896552,,,"Peterborough, Canada",,,,63.1763345049,2.69097760418,90.2777777778,90.625,9.375,,23.5749037581,,,,,
1GMD453MJM,,,,"Erlanger, KY, United States",,,,,,,,,,,,,,,
1GNRC33MN0,0.0,,,"Basingstoke, United Kingdom",,,,100.062365701,,86.1111111111,47.9166666667,52.0833333333,,,,,,,
1GQ9QD3MPS,21.3793103448,27.5,84.0699622223,"Cambridge, United Kingdom",71.2834286216,94.9311859396,200.959841576,109.346198476,9.57777777778,60.6481481481,79.8611111111,20.1388888889,75.0800186669,53.6762716625,94.81568028,116.516430264,6650.0,125.075348351,
1GRK9J3MRH,26.724137931,,84.1523833261,"Greensboro, NC, United States",52.8389205701,74.4131906191,,60.5480395,1.54810127647,52.7777777778,54.375,45.625,51.1545608155,26.0768502131,,207.033435179,,,
1GXWCQSGE,,10.0,,"Koblenz, Germany",,,,64.1416234084,,,,,,14.8882637429,0.0,,0.0,13.1622776602,
1H2J6M3N03,60.0,16.0,,"Pensacola, FL, United States",,,,63.2151117457,,66.6666666667,54.6875,45.3125,,28.9449614831,59.883280459,,4256.0,92.9764545319,
1H79ED3N41,,,,"Lewisham, United Kingdom",,,,110.252882089,,,,,,,,,,,
1H95J13N5A,62.0689655172,,,"Salatiga, Indonesia",,,,,,,,,,,,,,,
1H9ZRQ3N5K,,,,"Temple, TX, United States",,,,77.7499696775,,,,,,,,,,,
1HF75X3NA9,67.2413793103,,74.582896535,"Bolton, United Kingdom",68.8660299218,,,132.602716329,,59.7222222222,,,,17.9587581613,,,,,
1HFRTA3NAN,57.183908046,50.0,42.0782127067,"Bekasi, Indonesia",16.1704532987,39.5093158198,114.14110742,21.46477854,10.3142796878,87.5,64.84375,35.15625,25.4868066984,10.3675830539,214.980884361,50.8498154696,13300.0,259.73432368,
1HM8SV3NFE,42.3406478579,20.8333333333,77.6879626729,"Sacramento, CA, United States",62.8342499893,78.3553968899,201.969702754,69.5863513775,3.40406604873,74.3386243386,56.0242419617,43.9757580383,58.7452045901,37.6012794534,83.8247203469,142.280330818,4345.0,100.469886077,
1HPJFP3NKW,67.816091954,34.75,79.5817898242,"Baltimore, MD, United States",59.5672559464,77.216097415,166.28513884,70.6974780887,4.14856908816,76.3888888889,37.0952219203,62.9047780797,63.7225810874,49.1737232945,113.821113359,156.915920409,4472.5,135.158524546,
1HPZMK3NM5,77.7330428192,64.7272727273,41.0033076161,"Nairobi, Kenya",40.567162694,45.1802562283,88.4125663783,33.6693376403,18.502729714,62.9298941799,33.8595094968,66.1404905032,31.9299102866,17.6432414797,251.895427026,28.2244441597,6694.18181818,311.70227984,
1HZJAQ3NWK,57.183908046,50.0,42.0782127067,"Bekasi, Indonesia",16.1704532987,39.5093158198,114.14110742,21.46477854,10.3142796878,87.5,64.84375,35.15625,25.4868066984,10.3675830539,214.980884361,50.8498154696,13300.0,259.73432368,
1JAPJB3P8R,,,,,,,,,,,,,,,,,,,Couldn't resolve city in your request.
1JBAK73P9P,,,,"Moose Factory, ON, Canada",,,,,,,,,,,,,,,
1JE7JN3PD2,,,,"Subryanville, Guyana",,,,,,,,,,,,,,,
1JEAJW3PD5,,,,"Zamora de Hidalgo, Mexico",,,,19.3833564562,,,,,,,,,,,
1JEK763PDA,55.1724137931,45.0,46.5573349953,"Sandton, South Africa",,48.5888518825,192.958384993,36.2149636094,2.93193717277,65.2777777778,44.84375,55.15625,37.7781458923,26.1219237278,181.203650946,177.038652998,11970.0,226.90309442,
1JGJH33PF7,,,,,,,,,,,,,,,,,,,Couldn't resolve city in your request.
1JGRJM3PFG,,,,"Barquisimeto, Venezuela",,,,136.082472511,,,11.9791666667,88.0208333333,,30.5604387233,,,,,
1JH8473PFT,,,,,,,,,,,,,,,,,,,Couldn't resolve city in your request.
1JMXS03PK0,,,49.6419775291,"Sibenik, Croatia",35.9513286623,52.2975281796,,37.9524247101,,,84.375,15.625,31.104597055,8.25414550012,,55.9685345088,,,
1JSVQE3PQF,,,29.5772832768,"Midrand, South Africa",,,,23.4243115617,,,,,,10.8195322795,,,,,
1JXCXP3PTD,,,,"Union Gap, WA, United States",,,,,,,,,,,,,,,
1JYESB3PTY,,,,"Christiansburg, VA, United States",,,,59.3961443605,,,,,,20.5812277652,,,,,
1K0B3N3PX6,,,,,,,,,,,,,,,,,,,Couldn't resolve city in your request.
1K3KRY3PZ5,51.8965517241,55.7777777778,29.7919250969,"Belo Horizonte, Brazil",21.9761353891,38.5980665722,,28.444072048,19.9291244661,59.0277777778,32.4104126448,67.5895873552,25.2743148162,10.9084990524,278.388421428,51.7096020843,7882.22222222,266.880713116,
1K6E453Q0R,32.0463875205,36.425,67.6520803511,"Dublin, Ireland",59.4384737747,81.1050401441,160.949620442,84.3454474787,9.43194091752,47.3130629008,45.4904186582,54.5095813418,64.3722357625,46.3307419432,158.416739652,120.02760115,1505.4,115.869219125,
1K75SA3Q1A,37.4359326308,35.375,32.9517340792,"Curitiba, Brazil",24.5374851779,40.9937645509,139.357905767,29.88651407,14.1772575251,49.3441358025,34.9576516639,65.0423483361,26.3482013038,10.5571938446,143.525784865,49.7684984466,5320.75,145.060112121,
1K7BX83Q1F,29.3103448276,,,"Mandurah, Australia",,,,87.6825043105,,,,,,,,,,,
1K91MZ3Q31,,,,"Waterbury, CT, United States",,,,65.4456186074,,,,,,,,,,,
1KBK6C3Q5E,83.4369073153,45.5555555556,50.050430031,"Jakarta, Indonesia",17.6013346246,45.5494490095,58.8228623953,26.4089215725,23.9435393858,59.0033238367,49.5852451621,50.4147548379,35.6187708202,24.9114043149,234.719415143,36.2005123108,9785.0,221.04564659,
1KH5NM3Q9V,38.3620689655,10.0,65.098464414,"Stoke-On-Trent, United Kingdom",63.9482231854,86.5859242424,,77.8611759714,,94.4444444444,61.1142113095,38.8857886905,54.8814982773,20.6974373122,2.56532375949,86.8525454534,532.0,37.8290656603,
1KPCSE3QD8,34.3185550082,35.8333333333,76.0369241962,"Quebec City, Canada",45.7061666115,70.9946815334,187.060240923,60.9870981326,5.19841156756,81.8121693122,74.9790348651,25.0209651349,45.7416239677,18.5134994046,149.595305942,135.081925062,4833.33333333,143.770895493,
1KWQW63QH5,,,,"Kuningan, Indonesia",,,,,,,,,,,,,,,
1KWXDZ3QH8,62.7390578873,37.7272727273,46.7755403569,"Athens, Greece",36.3072054705,56.2419470654,136.677762739,58.0286962071,9.90308169947,52.323069948,51.0670670963,48.9329329037,34.6785159819,11.4285872942,170.375785111,65.5226119904,5366.68181818,156.358259803,
1KZ9M43QKC,,,61.747006932,"Fond du Lac, WI, United States",55.8677786922,60.9794121056,,48.6002298898,1.72802680977,,,,42.5021173484,22.579694809,,179.677318799,,,
1MAWF43QZS,,,,"Fowlerville, MI, United States",,,,46.7002168706,,,,,,29.7515069885,,,,,
1MCNQS3R27,72.6960049043,38.0333333333,31.5727892686,"Bucharest, Romania",24.2753551758,38.2022290714,126.840053957,34.5391568845,11.3147527568,51.1968915567,69.2096798225,30.7903201775,25.1471370581,11.0709931854,142.465837405,59.8944029338,4576.53333333,150.967625735,
1MFMT03R57,,,,,,,,,,,,,,,,,,,Couldn't resolve city in your request.
1MGMP13R5P,60.8888661393,29.7083333333,28.655981522,"Belgrade, Serbia",26.1917593856,37.2385814288,131.487273838,31.6634696554,20.1821988571,57.1144349478,59.6486053569,40.3513946431,23.9392242415,9.5997109702,72.5555300195,49.5371817578,3470.0,106.990363802,
1MJVFE3RAY,,,,"Wakefield, MA, United States",,,,,,,,,,,,,,,
1MMB3S3RG6,83.4369073153,45.5555555556,50.050430031,"Jakarta, Indonesia",17.6013346246,45.5494490095,58.8228623953,26.4089215725,23.9435393858,59.0033238367,49.5852451621,50.4147548379,35.6187708202,24.9114043149,234.719415143,36.2005123108,9785.0,221.04564659,
1MMEH63RG8,7.75862068966,,,"Santa Rosa, CA, United States",,,,71.0400339979,3.23613254985,72.2222222222,75.390625,24.609375,,54.0779216496,,,,,
1N05613RSV,0.0,,,"South Yarra, Australia",,,,,,,,,,,,,,,
1N8ZV53S5X,68.9655172414,0.0,,"Aurangabad, India",,,,15.5355406639,9.314922476,,62.5,37.5,,4.28868748606,0.0,,0.0,0.0,
1N97C43S61,52.9283380019,34.7083333333,34.7732585211,"Budapest, Hungary",27.6108318222,43.1280477153,137.137296825,32.8225183613,9.91984180392,51.7798957315,58.523403955,41.476596045,28.2107023037,12.1266563238,105.337211868,62.1149175497,2154.41666667,114.125729458,
1N9PEA3S6D,27.5862068966,13.0,79.3091618007,"Flint, MI, United States",45.3671645484,68.6540958028,,51.4838866379,3.40301088779,88.8888888889,30.3069196429,69.6930803571,42.8210728973,14.9676233225,32.6882510614,99.8897350353,3458.0,81.1276769833,
1NC81K3S93,36.9020398915,35.3333333333,56.4580205552,"Berlin, Germany",48.6431593997,66.0439747239,180.498563638,55.5537339678,8.63833354006,76.4437856829,64.3012530043,35.6987469957,46.5875540772,25.6094272288,150.40005666,126.669811526,1311.66666667,108.447365217,
1NDH3F3S9G,27.5862068966,,,"Madras, India",,,,10.174968713,,,,,,8.93626095423,,,,,
1NEAX13SA2,,,,"Zalaegerszeg, Hungary",,,,25.5392408889,,,,,,,,,,,
1NEYNP3SAN,68.9655172414,0.0,,"Aurangabad, India",,,,15.5355406639,9.314922476,,62.5,37.5,,4.28868748606,0.0,,0.0,0.0,
1NFK5G3SBZ,30.7108973252,36.7894736842,82.5672020721,"Perth, Australia",62.5970374995,85.3653959451,190.2473643,92.6714030374,7.85047759001,69.8766192301,52.8714319921,47.1285680079,64.3451257225,41.6808390523,136.224993807,134.82436249,5071.15789474,148.905694714,
1NK3Y53SET,5.1724137931,84.0,,"Baden, Switzerland",106.229755736,,,137.273688405,4.38549361775,86.1111111111,87.5,12.5,,46.030657911,314.148249309,,1200.0,391.704371943,
1NQAE93SJ6,,,,,,,,,,,,,,,,,,,Couldn't resolve city in your request.
1NQTEN3SJT,,,,,,,,,,,,,,,,,,,Couldn't resolve city in your request.
1NSCG33SQ4,31.8965517241,50.0,73.1841838459,"Boca Raton, FL, United States",65.6637241971,73.8706524694,,70.1809552831,2.87433201844,50.0,64.0625,35.9375,62.9545165213,51.184618616,250.67532411,224.085879004,13300.0,260.904826755,
1NSYFA3SQR,,,,"Surakarta, Indonesia",,,,,,,75.0,25.0,,,,,,,
1NVBWX3SRT,,,,"Polanica Zdroj, Poland",,,,,,,,,,,,,,,
1NW4CE3SSJ,6.89655172414,25.0,,"Deva, Romania",29.4654906964,,,21.3507349581,7.5,63.8888888889,90.625,9.375,,3.82489717751,8.91248333329,,1330.0,69.4545433139,
1NY6RH3SVD,,,,"Ã‰rd, Hungary",,,,,,,,,,,,,,,
1NYSY33SW2,6.89655172414,,,"Irving, TX, United States",,,,57.480455744,,,,,,,,,,,
1NZ0CH3SWC,17.2413793103,,,"New Glasgow Nova Scotia, Canada",,,,91.4645830243,,,48.4375,51.5625,,12.6361484143,,,,,
1P4REJ3T7H,37.2413793103,25.25,79.3379114608,"Halifax, Canada",51.7695078078,73.4659495457,177.269321542,66.6760375867,3.85275893474,71.875,58.4133625659,41.5866374341,50.4535245366,25.641274653,91.3828473352,124.209627748,4090.0,103.789780292,
1P61TF3T93,,60.0,72.3429738375,"Mechelen, Belgium",,,,82.7257612018,6.25,,,,,32.5385571043,281.136247833,,15960.0,328.827963026,
1PC3CF3TFB,43.9916405434,45.9230769231,79.6198515804,"Miami, FL, United States",69.9296533262,81.9185429282,147.31112988,81.6709503663,5.42890450214,60.4166666667,39.043793653,60.956206347,67.9624287073,52.9147927751,207.828861552,134.073681609,8072.30769231,212.913942156,
1PCC2M3TFZ,44.2063894523,35.125,123.449042156,"San Francisco, CA, United States",78.5866477259,104.483637599,161.720242832,91.2410446942,14.2315677895,68.287037037,51.9502166239,48.0497833761,113.152899003,122.500192049,160.497022048,105.067916049,3675.0,132.411632206,
1PDWZK3TH7,35.5437665782,41.6666666667,77.171476783,"Denver, CO, United States",58.6794917091,78.4466109245,182.684592823,75.0983478845,4.63113241776,83.4799382716,67.4569088319,32.5430911681,65.799712275,52.163686979,142.97571946,129.057403636,7646.66666667,187.300803423,
1PEBGR3TJ5,51.2643678161,26.25,29.6091663524,"Baia Mare, Romania",23.0316411482,34.9152349922,129.332153101,22.4008227601,10.7408133568,28.4722222222,46.3541666667,53.6458333333,20.2888407662,4.51850155657,31.6665565152,51.7349679432,0.0,37.1767501963,
1PGE5T3TKD,,,77.7513688154,"Marietta, GA, United States",,,,78.6327148119,,77.7777777778,83.75,16.25,,29.1716532671,,,,,
1PGMR93TKM,,,,"Southfield, MI, United States",,,,,,,42.1875,57.8125,,,,,,,
1PJBKZ3TM4,48.6604774536,16.875,27.7540586929,"Timisoara, Romania",22.3098606628,34.2672391459,167.195651066,27.9086748475,10.1499676794,57.0601851852,75.5423331613,24.4576668387,21.6962152152,8.14199887597,22.6995721637,67.2069345643,1695.75,66.9268111659,
1PQM5D3TQQ,,,,"Bangka, Indonesia",,,,,,,,,,,,,,,
1PZ08W3V42,41.724137931,5.0,,"Santa Fe, NM, United States",,,,73.1096793733,,,52.0833333333,47.9166666667,,40.5658982038,8.91248333329,,1330.0,46.6906112914,
1PZ64K3V4J,91.3013423358,50.6666666667,,"Faridabad, India",16.1717511034,,,16.7310356362,7.61733371825,61.1111111111,61.9791666667,38.0208333333,,4.91673795473,387.323846694,,1764.0,194.979356573,
1Q4AH13VC2,38.3620689655,,106.9585793,"Lancaster, PA, United States",,,,83.6593563369,12.14169095,,56.25,43.75,,25.7593453594,,,,,
1Q86NQ3VM8,27.5862068966,,78.4201891514,"Boulder, CO, United States",65.0343036708,80.8463526443,,72.4173404938,3.66122787801,,80.46875,19.53125,68.2890582265,54.7496451993,,140.721232123,,,
1QC34G3VRM,93.1034482759,,74.7958828135,"Haarlem, Netherlands",66.3347143665,,,85.244632052,7.90178571429,83.3333333333,77.734375,22.265625,,27.915494518,,,,,
1QEC3H3VX7,39.0804597701,135.0,,"Oakville, Canada",,,,58.8198988757,,45.8333333333,68.75,31.25,,29.0751480424,732.390026215,,24840.0,914.815238015,
1QKS8N3W36,25.4436296462,31.5,41.5329970317,"Vilnius, Lithuania",29.1391613954,48.9299742526,140.677858237,37.9232467561,13.0081833095,70.7070707071,63.2195659396,36.7804340604,32.6485830504,15.0938078886,90.8422997098,60.0298660011,2647.14285714,106.394793428,
1QPD0P3W4Z,43.7910509031,33.3333333333,77.0009034565,"Cincinnati, OH, United States",53.0452791903,77.0025427287,167.06483162,69.8809417687,2.31927299972,46.2962962963,48.8896520147,51.1103479853,55.5237945194,32.3651718385,164.44272638,138.983036305,8866.66666667,159.075793977,
1QRGNF3W6K,27.5862068966,,,"Kingston Upon Thames, United Kingdom",,,,60.9275145635,18.8909023669,,67.1875,32.8125,,46.9333721849,,,,,
1QV5F03W9K,51.724137931,27.54,29.1071757899,"Torreon, Mexico",25.7245162986,31.1815466068,,22.4557584627,7.51989130435,58.3333333333,50.0,50.0,18.3995132165,4.61778415584,25.2567970077,74.1005956878,2862.16,92.4005734165,
1QV6903W9M,51.7925561029,32.0,88.1568204414,"Orlando, FL, United States",56.6943669154,80.1514105411,,74.6052670072,2.2870715297,81.5476190476,46.587201176,53.412798824,61.5225060529,41.4366162331,118.260555704,152.71102002,8512.0,150.309280392,
1QVN103WAV,,,,"Samobor, Croatia",34.0774409209,,,39.0160595427,9.44892473118,,,,,7.4389212532,,,,,
1R1F003WFF,78.8656267105,43.75,25.0812602481,"Indore, India",13.8962402013,24.7312009976,,17.5700513077,10.7878711762,75.0,32.8625801282,67.1374198718,14.809146547,4.11107825177,132.969305049,49.2314608116,3447.5,168.12871702,
1RCEBG3WTN,30.6034482759,20.0,83.2994376004,"Corpus Christi, TX, United States",,,,75.5302528519,2.98997511575,27.7777777778,25.2604166667,74.7395833333,,27.540307602,68.399264885,,5320.0,105.680850879,
1RJR213X23,,,,"Richmond, Jamaica",,,,,,,,,,,,,,,
1RK7W03X2V,,,,"Torrance, CA, United States",,,,,,,,,,,,,,,
1RNBJC3X4T,,,,"Langenthal, Switzerland",,,,,,,,,,,,,,,
1RWB863XDT,72.7028114052,45.25,23.7396183698,"Ahmedabad, India",17.7157994589,22.4230469401,119.196320507,13.7794426647,8.53021076888,71.8253968254,71.8595251356,28.1404748644,14.1032855944,5.13282735715,121.535484741,75.285948029,4951.75,186.67180062,
1RXD4R3XFA,68.8505747126,49.4,40.4380375913,"Surabaya, Indonesia",14.757616193,36.5395594667,82.8039159252,22.017537311,18.3074375955,84.0277777778,63.3463541667,36.6536458333,26.0870707419,14.817082375,263.721907003,32.9116622412,1278.8,178.573104554,
1RYJ1Q3XHP,,,,,,,,,,,,,,,,,,,Couldn't resolve city in your request.
1S38NQ3XNM,,,,,,,,,,,,,,,,,,,Couldn't resolve city in your request.
1S6HKD3XQN,33.6206896552,15.0,71.2178328107,"Columbus, GA, United States",63.4869239257,,,60.444449928,,,21.09375,78.90625,,20.7482638166,41.3494061951,,3990.0,88.46978053,
1SCKFH3XVT,25.4436296462,31.5,41.5329970317,"Vilnius, Lithuania",29.1391613954,48.9299742526,140.677858237,37.9232467561,13.0081833095,70.7070707071,63.2195659396,36.7804340604,32.6485830504,15.0938078886,90.8422997098,60.0298660011,2647.14285714,106.394793428,
1SF47C3XX3,,,,,,,,,,,,,,,,,,,Couldn't resolve city in your request.
1SF5233XX4,,,,"Verwoerdburg, South Africa",,,,34.8089513675,,,7.8125,92.1875,,14.4091901853,,,,,
1SFK8Q3XX9,,,,"Wanneroo, Australia",,,,,,,,,,,,,,,
1SHC7A3XXZ,,,,"Bamboo, Jamaica",,,,,,,,,,,,,,,
1SK52K3XZ5,,,,"Windsor, CT, United States",,,,57.8690799263,,,,,,,,,,,
1SRP9E3Y3W,54.5660035347,43.2727272727,77.0491925427,"London, United Kingdom",84.8165808146,97.2368995799,130.312173572,100.145497457,32.1976432593,71.7387454901,51.7035276677,48.2964723323,92.674712969,87.7557131609,259.886162374,96.883654534,1448.78787879,149.748323619,
1STV6D3Y5B,,,,,,,,,,,,,,,,,,,Couldn't resolve city in your request.
1SVSKD3Y5W,,,,"Bangka, Indonesia",,,,,,,,,,,,,,,
1SW0SG3Y63,14.6551724138,8.0,,"Orebro, Sweden",76.3310708033,,,75.8449202837,5.70444147813,98.6111111111,61.4583333333,38.5416666667,,21.1073700827,0.0,,0.0,10.8284271247,
1SWS493Y6J,,,,,,,,,,,,,,,,,,,Couldn't resolve city in your request.
1T9C683YFD,14.6551724138,8.0,,"Orebro, Sweden",76.3310708033,,,75.8449202837,5.70444147813,98.6111111111,61.4583333333,38.5416666667,,21.1073700827,0.0,,0.0,10.8284271247,
1TA9183YGP,,,,,,,,,,,,,,,,,,,Couldn't resolve city in your request.
1TBSRD3YHD,,,125.659949173,"Schaffhausen, Switzerland",86.0138746044,116.388411131,,106.777390811,,,,,85.1627711313,51.494942463,,151.069537298,,,
1TCV2D3YJN,46.408045977,34.75,70.6219789279,"Austin, TX, United States",60.7562043476,72.9394857477,183.092569006,69.0082254666,5.26188263429,75.9645061728,58.0099587912,41.9900412088,61.8166627031,49.823912496,169.323930453,144.249746057,8091.0,160.575513406,
1TDSWF3YKT,17.2413793103,90.0,,"Newark, NJ, United States",70.0062934246,,,71.6280741712,2.12269193441,66.6666666667,30.5803571429,69.4196428571,,35.5428855144,605.219131889,,23940.0,560.556196917,
1TFE9Y3YP1,,,,"Lleida, Spain",43.7592499161,,,62.1391737785,10.0,30.5555555556,57.8125,42.1875,,13.4764456294,,,,,
1TJ11W3YQK,70.6896551724,,,"Fuengirola, Spain",,,,,,80.5555555556,,,,,,,,,
1TP41G3YSH,75.6958128079,51.3,34.8461463744,"Pretoria, South Africa",27.6917988197,38.986751952,166.277955367,33.3939433903,1.8354640636,61.160968661,20.1272291263,79.8727708737,26.5946331872,13.2333143667,340.075574758,174.279376444,11739.0,263.486806544,
1TQ3YW3YTE,54.5660035347,43.2727272727,77.0491925427,"London, United Kingdom",84.8165808146,97.2368995799,130.312173572,100.145497457,32.1976432593,71.7387454901,51.7035276677,48.2964723323,92.674712969,87.7557131609,259.886162374,96.883654534,1448.78787879,149.748323619,
1TQBCD3YTS,44.2063894523,35.125,123.449042156,"San Francisco, CA, United States",78.5866477259,104.483637599,161.720242832,91.2410446942,14.2315677895,68.287037037,51.9502166239,48.0497833761,113.152899003,122.500192049,160.497022048,105.067916049,3675.0,132.411632206,
1TZJCA3YZK,,,,"Lugansk, Ukraine",,,,,,,0.0,100.0,,,,,,,
1V0YH93Z0B,45.6896551724,,,"Eluru, India",,,,9.98243213571,8.52458874049,83.3333333333,75.0,25.0,,2.27892598632,,,,,
1V2E2S3Z1A,,,,"Ikeja, Nigeria",,,,,,,,,,,,,,,
1V2EMY3Z1B,28.6206896552,56.6666666667,61.8735624366,"Nashville, TN, United States",60.4111960887,66.013398562,,69.7778282044,2.3425390505,73.3333333333,50.625,49.375,53.8689640014,40.7747010156,289.883701765,170.468833948,9310.0,279.968591465,
1VDGFP3Z7M,25.2174262519,20.3333333333,89.7722652328,"Minneapolis, MN, United States",55.4092935472,78.9075901805,196.153556209,63.5363543166,2.42502479779,75.6588319088,53.9826766304,46.0173233696,61.8495503218,43.4573840321,51.6841177572,153.571318732,3660.0,92.5296836294,
1VFJ0S3Z8P,13.591954023,28.4,61.922146506,"Mississauga, Canada",51.1770473101,69.1443251113,181.046357826,61.8838007819,8.10409004369,63.8888888889,64.2435888624,35.7564111376,51.0369561903,31.5133917583,82.5180613323,105.70451994,4276.4,110.377639939,
1VFZR03Z8Z,35.0574712644,24.6666666667,29.4327169838,"Natal, Brazil",23.6111252275,36.6943695148,118.6615564,24.3809422122,10.5732352941,43.5185185185,35.0,65.0,22.8553364482,7.93393870505,109.420418843,58.7175775622,6472.66666667,120.54652778,
1VMQY83ZB6,,,,,,,,,,,,,,,,,,,Couldn't resolve city in your request.
1VYEP83ZFZ,56.8965517241,15.0,,"Bandar Lampung, Indonesia",13.9940653437,,,12.6364605876,31.25,,25.0,75.0,,5.87633995484,8.91248333329,,1330.0,58.3275266601,
1W1TC23ZJ9,58.6206896552,,,"Hempstead, NY, United States",,,,87.7180297303,,,71.875,28.125,,,,,,,
1WCEP73ZPW,117.24137931,,,"Boras, Sweden",,,,65.2812244201,3.99310903469,,,,,21.1759005051,,,,,
1WDS3X3ZQ5,7.47126436782,13.5,82.5926344147,"Buffalo, NY, United States",50.4490174734,77.8572527649,210.979442715,72.9614143491,3.7220416607,77.7777777778,53.9930555556,46.0069444444,53.124472877,26.4573174314,34.8701505407,146.38156236,3591.0,83.0042829838,
1WNY263ZTF,,,,"Killeen, TX, United States",,,,66.4580009312,,,19.7916666667,80.2083333333,,20.6408834978,,,,,
1WP2HV3ZTG,64.6551724138,,72.3437565396,"Bradford, United Kingdom",48.7855001521,75.1950695474,,68.2849256414,10.6238315897,44.4444444444,29.7443181818,70.2556818182,50.8234079353,24.5456141887,,102.297408167,,,
1X30XN401H,74.1379310345,25.0,,"Karaj, Iran",,,,,4.75664166667,33.3333333333,50.5208333333,49.4791666667,,,22.863405251,,2660.0,86.3567571622,
1X5A4P402J,,,,,,,,,,,,,,,,,,,Couldn't resolve city in your request.
1X693W403H,64.6012128675,53.2,22.5850909186,"Coimbatore, India",19.773788844,21.3152631475,127.68808282,14.1520605741,9.57170653318,83.7962962963,57.672275641,42.327724359,13.2548159276,4.56395303433,220.335455991,71.2045917399,3608.0,221.954786273,
1XAMV54062,,,,"Kisii, Kenya",,,,,,,,,,,,,,,
1XBMAN406F,5.1724137931,85.0,,"Athens, GA, United States",54.574023459,,,62.9822638113,1.78454606211,58.3333333333,,,,20.071171251,530.685647179,,22610.0,519.636264858,
1XD8GP407D,,,,"Kisii, Kenya",,,,,,,,,,,,,,,
1Y03KT40G2,,,,"Murrieta, CA, United States",,,,,,,,,,44.3838650936,,,,,
1YCQHW40PN,,,,,,,,,,,,,,,,,,,Couldn't resolve city in your request.
1YKBNK40T4,,,,"Swinoujscie, Poland",,,,,,,,,,,,,,,
1YTV9T40YH,77.7330428192,64.7272727273,41.0033076161,"Nairobi, Kenya",40.567162694,45.1802562283,88.4125663783,33.6693376403,18.502729714,62.9298941799,33.8595094968,66.1404905032,31.9299102866,17.6432414797,251.895427026,28.2244441597,6694.18181818,311.70227984,
1YXBBM40ZA,,,,"Kecskemet, Hungary",29.6365352514,,,35.9437444058,8.97959183673,,,,,6.12240897518,,,,,
1YXW8S40ZR,,,70.5042503732,"Abingdon, MD, United States",53.9212140716,,,64.2503543155,2.19935669572,,,,,30.7823580488,,,,,
1ZA8814153,46.408045977,34.75,70.6219789279,"Austin, TX, United States",60.7562043476,72.9394857477,183.092569006,69.0082254666,5.26188263429,75.9645061728,58.0099587912,41.9900412088,61.8166627031,49.823912496,169.323930453,144.249746057,8091.0,160.575513406,
1ZBG0N415N,36.9020398915,35.3333333333,56.4580205552,"Berlin, Germany",48.6431593997,66.0439747239,180.498563638,55.5537339678,8.63833354006,76.4437856829,64.3012530043,35.6987469957,46.5875540772,25.6094272288,150.40005666,126.669811526,1311.66666667,108.447365217,
1ZJ1G741A0,27.5862068966,,,"Madras, India",,,,10.174968713,,,,,,8.93626095423,,,,,
1ZQWBN41DH,62.0689655172,,,"Swindon, United Kingdom",60.2619183842,,,99.0594101975,3.7443385601,75.0,75.0,25.0,,30.1681599032,,,,,
1ZXDCG41GA,113.793103448,,,"Woonsocket, RI, United States",,,,,,,,,,,,,,,
2010PP41JK,75.0,,24.3754445897,"Asansol, India",,19.5537702712,,16.8720412215,11.2673686458,,,,11.9556624399,3.76329896325,,56.3871340377,,,
203A3E41M6,,,,"Cascavel, Brazil",,,,25.0588012221,30.0,,,,,7.87753688675,,,,,
20FRQ541TX,68.9655172414,,,"Highland, CA, United States",,,,,,,,,,,,,,,
20G3H441VA,,,,"Depok, Indonesia",15.9410016118,,,26.4119421371,37.5,,,,,8.09629060445,,,,,
20NB8G41Y8,,,,"Rancho Palos Verdes, CA, United States",,,,70.9320776524,,,,,,,,,,,
20VM2H421X,,,77.7513688154,"Marietta, GA, United States",,,,78.6327148119,,77.7777777778,83.75,16.25,,29.1716532671,,,,,
211QWJ425K,27.5862068966,,,"Madras, India",,,,10.174968713,,,,,,8.93626095423,,,,,
212VWQ4267,,,,"Beaverton, OR, United States",,,,64.1981023246,,,48.4375,51.5625,,34.0025744974,,,,,
215EGY4287,44.2063894523,35.125,123.449042156,"San Francisco, CA, United States",78.5866477259,104.483637599,161.720242832,91.2410446942,14.2315677895,68.287037037,51.9502166239,48.0497833761,113.152899003,122.500192049,160.497022048,105.067916049,3675.0,132.411632206,
215KGN428D,,53.5,78.4806780915,"Colchester, United Kingdom",67.6612797434,89.997848919,,78.2308184466,5.95188752106,93.0555555556,39.0625,60.9375,61.8865455695,31.5766289489,206.126289297,90.4023123488,4000.0,226.300007621,
216FBZ428W,34.1379310345,20.6666666667,47.2286381375,"Dresden, Germany",48.9439949189,59.8250960373,209.303957022,49.4991496235,6.99159663866,80.5555555556,79.0972222222,20.9027777778,40.5762470813,19.8219263143,29.344829657,146.365596305,1729.33333333,72.2150678528,
2176FC4295,,,,"Mahon, Spain",,,,64.0081267665,,,,,,15.4016521478,,,,,
21FRHM42F9,,,,"Olinda, Brazil",,,,,,,,,,,,,,,
21SBRX42MK,36.2068965517,49.5,88.3931603203,"Leeds, United Kingdom",64.9818467838,88.2104393736,172.37052158,84.4179669455,5.03162737205,72.619047619,51.8914473684,48.1085526316,60.4805134192,30.581802103,273.571080352,129.991419405,6360.0,223.390143353,
21SCM942MS,,,,,,,,,,,,,,,,,,,Couldn't resolve city in your request.
21ZJPQ42R7,,,,,,,,,,,,,,,,,,,Couldn't resolve city in your request.
227WEG42XK,,,,"Ipatinga, Brazil",,,,18.3234582162,,,,,,,,,,,
229JQG42YJ,38.8026819923,21.2222222222,36.4848865445,"Riga, Latvia",29.1654979952,48.2016144297,,43.1476927719,11.4231935724,61.9047619048,58.318348306,41.681651694,31.1082609441,12.6780191132,39.1548104451,64.3229760706,1689.77777778,73.1932677124,
22GZG9435F,101.724137931,90.0,,"Vereeniging, South Africa",,,,,,,2.34375,97.65625,,,381.663835177,,15960.0,527.098543707,
22JM2X4372,,,,"Lockport, IL, United States",,,,,,,,,,,,,,,
22K51Y437F,75.6958128079,51.3,34.8461463744,"Pretoria, South Africa",27.6917988197,38.986751952,166.277955367,33.3939433903,1.8354640636,61.160968661,20.1272291263,79.8727708737,26.5946331872,13.2333143667,340.075574758,174.279376444,11739.0,263.486806544,
22Q8R8439Y,63.0695574991,58.9285714286,45.4291905241,"Istanbul, Turkey",27.3214917023,50.1601895467,132.162620913,34.0068137908,11.2813087455,71.9305384178,53.6598620626,46.3401379374,33.5511385922,15.6430770798,250.128740851,62.0502375199,6956.60714286,278.691849453,
232CHR43EP,68.8505747126,49.4,40.4380375913,"Surabaya, Indonesia",14.757616193,36.5395594667,82.8039159252,22.017537311,18.3074375955,84.0277777778,63.3463541667,36.6536458333,26.0870707419,14.817082375,263.721907003,32.9116622412,1278.8,178.573104554,
236J9R43HV,46.5517241379,16.0,,"Sao Jose dos Campos, Brazil",24.6313473791,,,28.2385620241,9.18737060041,51.1574074074,38.8920454545,61.1079545455,,11.2563358406,43.3080604268,,4256.0,91.8189117122,
2394ZK43NV,,,,,,,,,,,,,,,,,,,Couldn't resolve city in your request.
23HHV543WG,24.3185550082,9.0,75.3005364232,"Thunder Bay, Canada",59.2753869934,,,67.6560036837,,44.4444444444,32.03125,67.96875,,24.0598732068,14.0801513364,,1862.0,58.9032507942,
23HQM243WP,,,,"Wilhelmshaven, Germany",,,,52.0917949338,5.33333333333,,,,,16.3257512767,,,,,
2444BS4497,31.8534482759,43.0,74.1993352495,"Tampa, FL, United States",53.3222771155,71.7657872266,183.960367554,73.1451594082,2.62815150718,76.8518518519,52.8262867647,47.1737132353,55.012081282,36.9480511674,190.574862278,145.989134028,11438.0,215.001467119,
2464SP44AG,,,,,,,,,,,,,,,,,,,Couldn't resolve city in your request.
24H02B44G0,89.6551724138,,,"Thrissur, India",14.959686376,,,10.1612161003,9.56792037041,,78.125,21.875,,3.05950299738,,,,,
24JGXB44GD,95.6991284577,67.5,25.7091172177,"Noida, India",17.1323441575,26.6134779368,72.4515578407,20.9805765775,8.89847495287,50.0,42.0798992674,57.9201007326,17.1818103436,7.01248255436,281.314666041,79.4529035199,17955.0,381.859330351,
24M9D244H6,78.7846123068,56.6296296296,34.9053012131,"Rio De Janeiro, Brazil",31.449813349,47.9488887786,56.9665811322,38.6912122672,24.007775392,37.4415204678,22.9988772226,77.0011227774,35.364019045,21.7948740087,263.085021795,46.746197369,4294.07407407,247.992488611,
24MK7S44HM,47.0692143106,42.0,88.3385839614,"Pittsburgh, PA, United States",68.4581637593,83.0534383455,,70.599771319,4.1029600018,65.3439153439,59.5301011029,40.4698988971,60.8799432681,36.9722368688,190.321854575,112.064195659,8898.0,197.597045965,
24RHMX44KH,84.7701149425,75.0,41.0045804353,"Johor Baharu, Malaysia",24.6618355176,37.8889049506,32.9054939367,19.1544890327,14.5302939579,63.1944444444,29.2885103475,70.7114896525,25.1809558989,11.4791053876,621.352339069,73.9145781207,19950.0,445.125075428,
24S31444KX,33.4291187739,28.75,30.6813267525,"Oradea, Romania",17.4922149153,34.0498692676,161.942773769,22.3819164531,15.8680555556,70.3703703704,80.625,19.375,20.2428863022,5.35604533085,46.2841488821,42.6680862657,1945.5,87.7288733442,
2512P944QT,27.5862068966,,,"Bismarck, ND, United States",49.9426233768,,,60.6933000347,1.65598621796,,56.25,43.75,,31.0508088457,,,,,
252TVY44RF,37.9310344828,,,"Santos, Brazil",27.3129522929,,,32.8454050161,15.3921681408,62.5,44.6814903846,55.3185096154,,16.1030774111,,,,,
254PX644S6,62.0689655172,65.0,32.0582792989,"Niteroi, Brazil",31.1983831083,43.2877643732,109.387055713,40.2683106791,12.375,51.3888888889,44.7916666667,55.2083333333,30.3287369453,16.3561709657,302.949864212,86.7623384117,1843.33333333,276.01682363,
256Y0244V8,10.7956406412,33.2857142857,73.2842722709,"Stockholm, Sweden",72.9907100915,82.1591620203,187.771797968,87.0621884242,14.3375832977,72.7654390698,57.0950259129,42.9049740871,59.7721237331,35.6341726951,86.9267975935,136.129104667,2566.85714286,111.89632779,
25M2NP4523,,,,"Pontiac, MI, United States",,,,,,,12.5,87.5,,,,,,,
25WFBX455Z,74.1379310345,,,"Colombo, Brazil",,,,,,,,,,,,,,,
25WMYF4562,17.2413793103,,94.4495116566,"Deltona, FL, United States",,,,56.0036838511,1.77287936275,,34.375,65.625,,31.8561612365,,,,,
25Z2X4457T,32.9997338993,47.2666666667,32.3814433024,"Cape Town, South Africa",32.700872228,37.5935010372,186.266809933,34.9998026519,4.33054491375,72.2222222222,28.4206692737,71.5793307263,29.288526449,20.3340114565,222.916962616,131.335754963,9922.93333333,230.02450604,
2622BS459F,,,,,,,,,,,,,,,,,,,Couldn't resolve city in your request.
265R7P45B2,,,,"Corby, United Kingdom",59.9487938943,,,66.1763392715,,,,,,23.1879630009,,,,,
26AFTD45CJ,,,,"Interlaken, Switzerland",,,,,,,,,,,,,,,
26M2ZH45H5,39.6551724138,65.0,,"Saltillo, Mexico",23.0646724402,,,22.5860438643,15.5558425007,63.8888888889,48.6979166667,51.3020833333,,6.90203573751,187.438916971,,7120.0,313.74823641,
26MDSH45H8,,,,,,,,,,,,,,,,,,,Couldn't resolve city in your request.
26YKSZ45N6,,,,"Gosford, Australia",,,,58.1976958189,,,56.7708333333,43.2291666667,,37.7576983207,,,,,
2719WT45PS,,,,"Cimahi, Indonesia",,,,,,,26.5625,73.4375,,,,,,,
275WEC45S8,81.4116551465,45.1764705882,26.6810290103,"Hyderabad, India",13.1765785916,24.2553109192,137.01425949,14.3058419172,6.57535024218,71.8336640212,56.0453307926,43.9546692074,15.2991038824,5.64242289735,220.159148727,94.3544992178,5653.52941176,194.940055623,
276V1M45SK,,,,"Ermelo, South Africa",,,,,,,,,,,,,,,
27B4Y745VC,,,,"Emmen, Netherlands",,,,64.0594175815,,,,,,,,,,,
27NCV0462Z,56.6912972085,49.25,30.3802360711,"Campinas, Brazil",27.0567471421,40.4746064476,128.330983398,35.1017988783,10.8566263191,53.7037037037,32.8335160819,67.1664839181,28.077117411,14.7100083043,218.457984598,76.247604034,4012.5,203.908182056,
27QSSH4674,,,,"Buchs, Switzerland",,,,,,,,,,,,,,,
27ZH9546DF,39.6000205379,46.1739130435,78.5877826038,"Singapore, Singapore",45.1758536094,85.7984932899,90.7372913879,53.965955894,23.0122500838,66.9544089263,83.4331206803,16.5668793197,79.5005155071,72.7099665561,178.353270019,113.03193711,3582.0,183.12159964,
28ACGY46QV,,,,,,,,,,,,,,,,,,,Couldn't resolve city in your request.
28AMVF46R5,27.0977011494,40.0,74.7365372877,"Luxembourg, Luxembourg",67.6979179972,83.8860576545,201.761638089,90.6658838425,7.9155540721,72.2222222222,74.21875,25.78125,66.3103749053,47.3600803546,153.371030595,160.347322236,1032.4,124.687325253,
28BTH646SE,,,,,,,,,,,,,,,,,,,Couldn't resolve city in your request.
28EK4A46W4,42.3406478579,20.8333333333,77.6879626729,"Sacramento, CA, United States",62.8342499893,78.3553968899,201.969702754,69.5863513775,3.40406604873,74.3386243386,56.0242419617,43.9757580383,58.7452045901,37.6012794534,83.8247203469,142.280330818,4345.0,100.469886077,
28GV7N46ZA,110.344827586,,50.2564287835,"Cagayan de Oro City, Philippines",15.4901753985,49.5849127763,,16.1306502364,32.4074074074,47.2222222222,59.375,40.625,28.4071271696,5.57300567888,,24.0541961818,,,
28J8FA4713,41.6666666667,,,"Santa Barbara, CA, United States",80.7726254175,,,70.3044939188,9.49139781275,44.4444444444,83.4895833333,16.5104166667,,61.3320587402,,,,,
28PSV1477E,89.6551724138,,,"Pasighat, India",,,,,,,,,,,,,,,
28VJ0E47CQ,,,,"Halmstad, Sweden",,,,69.1771002788,6.48948427716,,92.1875,7.8125,,21.8353804956,,,,,
28VRJC47D3,35.8423139708,46.9310344828,66.7528301338,"Montreal, Canada",48.453816444,64.6202819822,168.860445787,59.4513594892,6.24366967884,58.3551784868,62.1520032861,37.8479967139,45.0713326453,23.993440345,205.191955489,135.369479377,5115.17241379,199.607619444,
28Z9Q747HW,0.0,,81.4224312737,"Bowral, Australia",,,,128.020957439,,,,,,29.3313313434,,,,,
2906SP47JC,36.2684729064,26.25,71.2553973809,"London, Canada",49.8732795041,69.1576741748,171.945209847,61.0509100896,3.1118030399,62.3015873016,44.84375,55.15625,46.1238427813,21.2885122984,99.4606147389,139.099844633,4655.0,109.75000033,
290TX547KB,,30.0,,"Nizamabad (Bodhan), India",,,,10.9647616118,,,,,,2.09948299527,101.866396056,,4800.0,119.835912958,
294YMZ47Q8,51.1247947455,36.1666666667,46.4682824916,"Rotterdam, Netherlands",57.4171567685,68.0827946054,168.328476573,77.5511694747,6.15987766391,63.0952380952,55.3904978124,44.6095021876,47.4456896426,25.1945359718,199.11074372,123.263778421,4976.66666667,148.05800509,
298C0847WD,,,,"Lillehammer, Norway",,,,101.389943117,,,,,,28.3759300514,,,,,
29BME64802,69.7167296305,26.5,28.1567941842,"Visakhapatnam, India",16.6841339137,26.0162495264,,11.6835812059,11.4509386732,92.3611111111,70.6315104167,29.3684895833,15.6183016664,4.40711986016,35.4964702029,49.3985924373,980.0,69.1952171219,
29C8J9480X,,0.0,,"Vista Alegre, Panama",,,,,,,,,,,0.0,,0.0,0.0,
29GT4N484Y,,,,,,,,,,,,,,,,,,,Couldn't resolve city in your request.
29P3EA489F,19.8850574713,15.0,35.4346323998,"Panevezys, Lithuania",26.2637377318,43.1043373969,,26.4130450269,9.03536803468,,73.4375,26.5625,27.9215199551,11.5512391109,0.0,50.6429485521,0.0,18.8729833462,
29RHS548BS,,,77.7513688154,"Marietta, GA, United States",,,,78.6327148119,,77.7777777778,83.75,16.25,,29.1716532671,,,,,
29RKP648BW,27.5862068966,,,"Madras, India",,,,10.174968713,,,,,,8.93626095423,,,,,
29SNHW48D5,,,,"Fulda, Germany",,,,,,,90.625,9.375,,,,,,,
29VD6V48FG,,,,"Ilford, United Kingdom",,,,63.6907274208,,,54.6875,45.3125,,,,,,,
29Y6V948JB,58.1755122768,33.8947368421,33.0415690499,"Sofia, Bulgaria",22.21597275,37.8798502534,136.880439701,30.1101309413,8.92311454533,53.6595287553,51.0838013361,48.9161986639,24.3791872419,9.8226238156,151.269665726,66.5940710562,2721.78947368,118.713982126,
29Z8B348M9,,,,"Umlazi, South Africa",,,,,,,,,,,,,,,
29ZB7Z48MB,,,68.0151910019,"Salem, OR, United States",56.4412579324,67.3439223945,,55.8080001451,3.89239877163,44.4444444444,54.21875,45.78125,47.494876824,26.0934174623,,109.092260629,,,
2A351V48VH,69.7167296305,26.5,28.1567941842,"Visakhapatnam, India",16.6841339137,26.0162495264,,11.6835812059,11.4509386732,92.3611111111,70.6315104167,29.3684895833,15.6183016664,4.40711986016,35.4964702029,49.3985924373,980.0,69.1952171219,
2A3GPE48VY,,,,"Taunton, United Kingdom",,,,,,,,,,,,,,,
2A54P548Z7,,,,"CumanÃ¡, Venezuela",,,,,,,,,,,,,,,
2A54SH48Z8,83.2023283678,46.880952381,26.7967872082,"Bangalore, India",22.6535850428,25.7388245112,120.394406058,15.0096832936,8.18711658935,59.8148693934,51.0824121596,48.9175878404,17.4400918557,8.49230698375,207.516465265,116.164388472,7045.38095238,211.849242344,
2ABY0T496W,,,,"Tolyatti (Togliatti), Russia",28.5353198642,,,,6.5,,,,,9.09153365626,,,,,
2AGK1H49DM,,,,"Alton, United Kingdom",,,,136.536381658,,,,,,46.9063989825,,,,,
2ATRG049XR,,,,"Modling, Austria",,,,,,,,,,,,,,,
2AXDGB4A1F,70.5001894657,25.5,49.3508184786,"Santo Domingo, Dominican Republic",48.281226787,54.7881445203,65.8147569276,42.2442547256,13.5077935943,62.2222222222,27.6490384615,72.3509615385,35.8744860125,15.4815712752,69.0674995351,28.5912936212,6783.0,121.234432162,
2AYMVW4A3H,,,,"Sincelejo, Colombia",,,,,,,,,,,,,,,
2B086Q4A5Y,88.1899744513,71.7142857143,31.8429484364,"Mumbai, India",20.8328142854,29.5155041632,51.6467015394,20.5478219986,35.6145675825,55.1271367521,49.5407548464,50.4592451536,24.4519216418,18.9923112455,317.367520279,83.9394013,7165.71428571,360.160432642,
2B5Z4V4AFF,82.10553814,50.0,,"Bandung, Indonesia",13.3434897497,,,14.0005851343,25.0,52.7777777778,49.2361111111,50.7638888889,,7.95907153723,123.132577307,,13300.0,256.168609177,
2B7ETF4AJT,,,,"Duque De Caxias, Brazil",,,,,,,,,,,,,,,
2B8NHH4AM6,,,,,,,,,,,,,,,,,,,Couldn't resolve city in your request.
2B8RNT4AME,,,,"Canton, MA, United States",,,,,,,,,,,,,,,
2B90164ANR,27.3119122257,26.5,67.0076427504,"Newcastle Upon Tyne, United Kingdom",55.6652892648,76.5420109486,,80.4564436744,4.90687679083,91.6666666667,54.7007472826,45.2992527174,53.2778767845,28.1942313201,56.1517794853,148.074097845,1660.0,80.168920694,
2BBAZ14AT6,,,,"Hohenfels, Germany",,,,,,,,,,,,,,,
2BMPDK4BBK,,,,"Floridablanca, Colombia",,,,,,,,,,,,,,,
2BNJTW4BCJ,,,,"DunafÃ¶ldvÃ¡r, Hungary",,,,18.3221150734,4.7984530144,,,,,3.06120448759,,,,,
2BPBF34BFE,29.9137931034,16.2,44.7408737351,"Malaga, Spain",36.5382943952,52.9594665522,205.544499006,47.0716185809,6.77013333333,66.0714285714,71.9866071429,28.0133928571,35.888385792,17.4821586588,38.7474627949,104.296866348,3192.0,82.9474559292,
2BPNAS4BGB,29.9929093895,44.5,70.5767359493,"Glasgow, United Kingdom",59.0954990007,81.9405031247,191.635259729,87.3599070854,4.5737239421,89.8148148148,52.3035389117,47.6964610883,56.3724709073,28.8047372087,145.989379668,144.747353304,3010.0,168.505481586,
2BRWXE4BKY,,,,,,,,,,,,,,,,,,,Couldn't resolve city in your request.
2BSA3X4BN8,41.3793103448,35.0,85.3331143445,"Brooklyn, NY, United States",79.8762849634,86.0277538523,,87.9609512457,13.3377730259,86.1111111111,59.2261904762,40.7738095238,84.3701112131,82.5828226782,110.980291946,117.569027464,5480.0,143.17816063,
2BXMYE4BW9,83.2023283678,46.880952381,26.7967872082,"Bangalore, India",22.6535850428,25.7388245112,120.394406058,15.0096832936,8.18711658935,59.8148693934,51.0824121596,48.9175878404,17.4400918557,8.49230698375,207.516465265,116.164388472,7045.38095238,211.849242344,
2BZ8FE4BYZ,,50.0,,"Macapa, Brazil",,,,,,,,,,,74.4082610153,,2660.0,189.947681437,
2C0SBZ4C1H,31.0344827586,53.3333333333,,"Salvador, Brazil",20.7643398753,,,29.4514664259,31.3573883162,52.7777777778,19.7853072853,80.2146927147,,11.9903071489,367.609824376,,14186.6666667,286.059383068,
2C0WCS4C1Y,,,,"Glendora, CA, United States",,,,,,,,,,39.0148491548,,,,,
2C8KV14CNN,,,,,,,,,,,,,,,,,,,Couldn't resolve city in your request.
2CA3GY4CVJ,31.0344827586,53.3333333333,,"Salvador, Brazil",20.7643398753,,,29.4514664259,31.3573883162,52.7777777778,19.7853072853,80.2146927147,,11.9903071489,367.609824376,,14186.6666667,286.059383068,
2CBF6Y4CYK,63.0695574991,58.9285714286,45.4291905241,"Istanbul, Turkey",27.3214917023,50.1601895467,132.162620913,34.0068137908,11.2813087455,71.9305384178,53.6598620626,46.3401379374,33.5511385922,15.6430770798,250.128740851,62.0502375199,6956.60714286,278.691849453,
2CBHZH4CYN,21.8295822119,27.0,62.0678145031,"Vienna, Austria",46.9085195918,65.847785807,196.68072148,59.7982360382,15.0994666939,79.0163540164,71.726724242,28.273275758,49.2375455404,31.3282016986,32.6017212531,119.616290071,264.375,54.7643059652,
2CGE194DA2,89.6551724138,,,"Isparta, Turkey",,,,,,,98.4375,1.5625,,,,,,,
2CGGCP4DA8,,,,"Torrington, CT, United States",,,,72.8915273113,,,,,,,,,,,
2CHWTY4DDC,,,,"Soacha, Colombia",,,,,,,,,,,,,,,
2CM49R4DJZ,89.385479674,39.5,40.13171972,"Lima, Peru",35.1899612318,42.7505548067,96.974522586,29.9281719047,14.8723795573,64.1203703704,29.7035149287,70.2964850713,30.0392876015,16.3338594204,116.459253077,52.194146005,4340.0,154.572692219,
2CW2G64E62,,,,"Briarwood, United States",,,,,,,,,,60.1329785139,,,,,
2D163E4EF1,,,,,,,,,,,,,,,,,,,Couldn't resolve city in your request.
2D21JR4EGP,,,,,,,,,,,,,,,,,,,Couldn't resolve city in your request.
2D2C4K4EGY,,,,"Yamuna Nagar, India",,,,13.4500551862,11.8754236571,,82.03125,17.96875,,2.79931066036,,,,,
2D39ZX4EKD,68.1034482759,,,"Sao Caetano do Sul, Brazil",,,,,,,,,,,,,,,
2D6WK94EVB,74.1379310345,,,"Colombo, Brazil",,,,,,,,,,,,,,,
2D7ZV74EXA,51.724137931,65.0,32.6014756597,"Joao Pessoa, Brazil",20.4060250127,38.3948168446,69.6090799913,24.2038864581,22.619047619,50.0,32.9799107143,67.0200892857,24.5554194419,9.63362886759,108.638461934,33.7558283446,200.0,240.24242387,
2D97114F1P,,,,"Ciudad Lerdo, Mexico",,,,,,,,,,,,,,,
2DEDAX4FDH,,,,"Duque De Caxias, Brazil",,,,,,,,,,,,,,,
2DH6Z04FKY,,,,"Ciudad Guayana, Venezuela",,,,,,,0.0,100.0,,,,,,,
2DNHZG4FW6,,,,"Sundbyberg, Sweden",,,,,,,,,,,,,,,
2DV2BW4G5T,,,,,,,,,,,,,,,,,,,Couldn't resolve city in your request.
2DVKQH4G70,46.5517241379,16.0,,"Sao Jose dos Campos, Brazil",24.6313473791,,,28.2385620241,9.18737060041,51.1574074074,38.8920454545,61.1079545455,,11.2563358406,43.3080604268,,4256.0,91.8189117122,
2EFYCD4HAW,,,,,,,,,,,,,,,,,,,Couldn't resolve city in your request.
2EX5KH4HYB,,,,"Rio De Mouro, Portugal",,,,,,,,,,,,,,,
2EZYAR4J2V,78.7846123068,56.6296296296,34.9053012131,"Rio De Janeiro, Brazil",31.449813349,47.9488887786,56.9665811322,38.6912122672,24.007775392,37.4415204678,22.9988772226,77.0011227774,35.364019045,21.7948740087,263.085021795,46.746197369,4294.07407407,247.992488611,
2FA4AC4JJP,27.5862068966,,,"Madras, India",,,,10.174968713,,,,,,8.93626095423,,,,,
2FBBD84JMW,50.2873563218,45.0,75.5600718761,"Toledo, OH, United States",,,,62.6341349219,7.56417405688,72.2222222222,29.375,70.625,,19.1573647382,184.650499267,,11970.0,227.030520406,
2FCZ354JQE,27.5862068966,,42.6417159878,"Balikpapan, Indonesia",13.1132669108,43.6502322223,,18.391137623,,,53.6458333333,46.3541666667,26.353770247,7.70453460746,,59.7467902754,,,
EFYAG31SE,61.8400094292,41.4,66.779989522,"Milan, Italy",58.1449194597,73.3287129366,138.807678149,81.5539245787,18.0341532758,75.1402718508,54.1578687634,45.8421312366,56.4807363615,38.3150626157,120.613681609,93.7621223016,3432.13333333,156.212849188,
EFZ9T31SH,36.2068965517,49.5,88.3931603203,"Leeds, United Kingdom",64.9818467838,88.2104393736,172.37052158,84.4179669455,5.03162737205,72.619047619,51.8914473684,48.1085526316,60.4805134192,30.581802103,273.571080352,129.991419405,6360.0,223.390143353,
EFZQC31SJ,33.6206896552,,,"Dijon, France",,,,80.3790307583,6.61764705882,,59.375,40.625,,,,,,,
EJ67531T2,39.8412698413,27.4,45.4484910133,"Sevilla, Spain",40.6637172259,53.1820037932,186.142154362,50.2931033364,10.4813826423,54.7619047619,72.4438134629,27.5561865371,36.3665698686,18.2359839667,68.9507841167,104.141594815,4004.0,105.161640095,
F1AAA31VF,27.2114376851,30.4,76.5102745184,"Copenhagen, Denmark",75.8376549668,89.3308560338,196.56956505,98.8403442963,7.83292209267,79.7005309505,74.4366501408,25.5633498592,66.3537636776,41.5796098491,117.431585051,126.287456775,2888.66666667,106.31055834,
FQ6AP31WM,53.8074712644,53.75,,"Genoa, Italy",50.5700223202,,,74.2422838077,7.57324729683,71.2962962963,57.0075757576,42.9924242424,,23.1153129319,188.575103959,,6502.5,244.449081972,
FZ8HT31X0,21.8390804598,,,"Karlsruhe, Germany",53.781001274,,,62.1461999176,4.39871749662,,76.171875,23.828125,,28.1080151698,,,,,
GF2Y731Y5,78.5714285714,56.9285714286,31.4062570637,"Recife, Brazil",23.5865587667,38.5563000465,70.8818604509,31.6550459739,13.9138447362,68.3531746032,22.8740236213,77.1259763787,26.0563706757,12.5788092735,460.036214849,54.7988504191,8405.0,281.074780464,
GRHGD31YQ,,,,"Coronado, Panama",,,,43.2189279766,,,18.359375,81.640625,,,,,,,
GW72131Z2,110.344827586,,,"Malta, Malta",,,,67.1558370619,6.67938931298,66.6666666667,81.25,18.75,,20.3301808352,,,,,
H914X31ZS,,,,"Drogheda, Ireland",,,,82.6554998113,,11.1111111111,34.0625,65.9375,,,,,,,
PC6Q234AG,43.2697570629,26.3125,37.4910847418,"Brno, Czech Republic",28.1834359502,41.9105736377,173.833398782,27.350591573,9.36667362838,70.0142450142,69.6044146825,30.3955853175,28.1729246776,13.3608403938,47.3584304881,99.4183543362,1790.625,80.8398210946,
QD66G34DT,,,,"Orkelljunga, Sweden",,,,,,,,,,,,,,,
QKR1V34EM,27.0977011494,40.0,74.7365372877,"Luxembourg, Luxembourg",67.6979179972,83.8860576545,201.761638089,90.6658838425,7.9155540721,72.2222222222,74.21875,25.78125,66.3103749053,47.3600803546,153.371030595,160.347322236,1032.4,124.687325253,
QN3AR34EW,5.95238095238,30.0,72.0268570099,"Gold Coast, Australia",54.6504412847,74.2636538149,221.206574492,68.5721802703,4.62147887324,82.2222222222,51.4632024685,48.5367975315,54.8930372993,34.0074254094,85.7384445547,146.569789604,7847.0,138.303792033,
QZWFP34GB,33.6206896552,,,"Newport, United Kingdom",,,,58.5521555949,,77.7777777778,22.65625,77.34375,,24.8153462127,,,,,
RS9VN34N6,77.7330428192,64.7272727273,41.0033076161,"Nairobi, Kenya",40.567162694,45.1802562283,88.4125663783,33.6693376403,18.502729714,62.9298941799,33.8595094968,66.1404905032,31.9299102866,17.6432414797,251.895427026,28.2244441597,6694.18181818,311.70227984,
RTAH034NE,,,,"Chapel Hill, NC, United States",58.9101904209,,,52.4152783757,,86.1111111111,,,,37.4041443732,,,,,
S2JSX34QX,20.1510541521,30.4444444444,73.9262693005,"Adelaide, Australia",53.436529835,77.3661917678,218.203751109,73.1397742964,5.21871734772,66.8911335578,58.2799803742,41.7200196258,56.6993331722,34.4160988072,88.6693111096,165.872695555,3827.77777778,113.156484569,
SSFJH34ZR,24.6919882011,38.8333333333,90.0436527579,"Boston, MA, United States",68.8746722027,86.472470857,187.574277043,82.4513017911,6.49364717257,79.0242165242,60.1272642688,39.8727357312,81.4437659441,76.0217609689,111.650889595,123.655144448,4186.66666667,150.183496946,
SV4A53509,,,,"Southwark, United Kingdom",,,,,,88.8888888889,,,,,,,,,
T0WCG3526,,,,"Clarksville, TN, United States",,,,60.9454158908,,,,,,,,,,,
T8TG33557,,,128.020483625,"West Hollywood, CA, United States",66.1113334697,105.872732413,,87.9466321905,,,70.3125,29.6875,96.0058907195,85.3673534259,,120.733279799,,,
TBJPB355Y,,,,,,,,,,,,,,,,,,,Couldn't resolve city in your request.
V7V6A35J2,,,,"Drummond, South Africa",,,,,,,,,,,,,,,
VBGBA35MN,74.1379310345,,,"Maracaibo, Venezuela",43.8252715087,,,58.4908786181,,41.6666666667,15.546875,84.453125,,59.6461877354,,,,,
VG2ZV35R1,,,,"Broceni, Latvia",,,,,,,,,,,,,,,
W00GJ35ZN,,,,"Greenville, TX, United States",,,,,,,,,,,,,,,
XXXBB36PC,,,,"Vallabh Vidhyanagar, India",,,,,,,,,,,,,,,
Y9MN237NY,34.8855043172,30.5833333333,65.2036363634,"Winnipeg, Canada",48.7450918276,66.2849725422,164.272496023,57.2401732938,4.62693983208,71.7361111111,48.6011785825,51.3988214175,46.3775482352,24.9131442773,147.838155224,135.603449882,4494.66666667,121.523355822,
YHF0A38JH,,,,"Miyazaki, Japan",,,,,,,0.0,100.0,,,,,,,
YMC6038WG,34.8855043172,30.5833333333,65.2036363634,"Winnipeg, Canada",48.7450918276,66.2849725422,164.272496023,57.2401732938,4.62693983208,71.7361111111,48.6011785825,51.3988214175,46.3775482352,24.9131442773,147.838155224,135.603449882,4494.66666667,121.523355822,
YSF1V39F0,3.44827586207,,,"Saue, Estonia",,,,32.2921350844,,,,,,,,,,,
YSZAZ39GQ,,,79.4608099925,"Burnley, United Kingdom",67.9331283031,87.3143431265,,93.6991993636,2.27631578947,63.8888888889,,,55.4670790929,21.1290085507,,154.8634313,,,
Z9CH73AS0,,,,"Tizi-ouzou, Algeria",,,,28.0604422641,16.4166666667,,,,,,,,,,
ZC4R03ASW,61.8400094292,41.4,66.779989522,"Milan, Italy",58.1449194597,73.3287129366,138.807678149,81.5539245787,18.0341532758,75.1402718508,54.1578687634,45.8421312366,56.4807363615,38.3150626157,120.613681609,93.7621223016,3432.13333333,156.212849188,
ZP7CK3AWP,,,,"Yanceyville, NC, United States",,,,,,,,,,,,,,,
ZX2GN3AZX,28.4926301418,39.0555555556,75.9931489907,"Edmonton, Canada",51.231323774,74.6145002465,175.013033471,65.832730343,4.64023449865,72.8857233302,59.850277965,40.149722035,53.4416069442,30.6127603898,185.92846613,145.468579839,4466.66666667,156.373144772,
